{
  "update_panel": [
    {
      "title": "คำชี้แจง",
      "date_modified": "3 กุมภาพันธ์ 2563",
      "link": "https://drive.google.com/file/d/1dveQrqbopscmyZHqCoVSIDIKMkdu8Sjc/view?usp=sharing"
    },
    {
      "title": "แนะนำระบบ Logbook",
      "date_modified": "15 เมษายน 2563",
      "link": "https://drive.google.com/file/d/14JcECvvPRGR8HtcH2wKrmOSzER6nAOdl/view?usp=sharing"
    },
    {
      "title": "แนะนำระบบ TPMAP (ภาษาไทย)",
      "date_modified": "1 พฤษภาคม 2563",
      "link": "https://drive.google.com/file/d/1HUl_iiNb3QV5W5XzMTf56a_zxKughgAo/view?usp=sharing"
    },
    {
      "title": "แนะนำระบบ TPMAP",
      "date_modified": "1 พฤษภาคม 2563",
      "link": "https://drive.google.com/file/d/17z-mJ4hBKqRgwzM8rqMiaccRH5bL0MD1/view?usp=sharing"
    },
    {
      "title": "Demo การใช้ Logbook เบื้องต้น",
      "date_modified": "19 พฤษภาคม 2563",
      "link": "https://drive.google.com/file/d/1D5qWyedHlOs9gZU6qCmBGoQKygQw_Z5J/view?usp=sharing"
    },
    {
      "title": "Used case_TPMAP in SamutSongkhram",
      "date_modified": "25 พฤษภาคม 2563",
      "link": "https://drive.google.com/file/d/1_JRlR3CpHMBvz0KCdzGaG0ZGKsyzwSun/view?usp=sharing"
    },
    {
      "title": "20200528_TPMAP_WEBEX",
      "date_modified": "28 พฤษภาคม 2563",
      "link": "https://drive.google.com/file/d/1XdZRcQ9Xqe43smmROEXcwBbQRe3L-jye/view?usp=sharing"
    },
    {
      "title": "VDO Conference การใช้ TPMAP Logbook_กรมการพัฒนาชุมชน_30 เม.ย.63",
      "date_modified": "28 พฤษภาคม 2563",
      "link": "https://drive.google.com/file/d/13weXUYn5omi1ew-NIKNSmq9Ueg5U4qni/view?usp=sharing"
    },
    {
      "title": "VDO Conference TPMAP Logbook- WebEx 28 พ.ค.63",
      "date_modified": "28 พฤษภาคม 2563",
      "link": "https://drive.google.com/file/d/1pHlLT6Nfq99r4e1cFi8TPKBaCe_EyW_b/view?usp=sharing"
    },
    {
      "title": "Logbook Update_ปักหมุดครัวเรือน",
      "date_modified": "8 มิถุนายน 2563",
      "link": "https://drive.google.com/file/d/10hPMVZn3AhAPIJJMdqXB0Upkj-gKQyn1/view?usp=sharing"
    },
    {
      "title": "Logbook Update_บันทึกข้อมูลคนนอกจปฐ",
      "date_modified": "8 มิถุนายน 2563",
      "link": "https://drive.google.com/file/d/18pIqy6t4798AJZrPHAc-og7QV6HTE7Lo/view?usp=sharing"
    },
    {
      "title": "Logbook Update_แก้ไขปัญหาและกิจกรรม",
      "date_modified": "22 มิถุนายน 2563",
      "link": "https://drive.google.com/file/d/1YInDxgjPBDCBES-do8uYyuqM1KTR0PZo/view?usp=sharing"
    },
    {
      "title": "Logbook Update ค้นหาข้อมูลคนเปราะบาง",
      "date_modified": "29 มิถุนายน 2563",
      "link": "https://drive.google.com/file/d/1pBoUDxVhzuIaVC70H7EJqkJESbW_mYkX/view?usp=sharing"
    },
    {
      "title": "คู่มือการใช้งาน TPMAPLogbook",
      "date_modified": "17 สิงหาคม 2563",
      "link": "https://drive.google.com/file/d/1NArg9UeYbrjG8LLsOrRQGLuuYeMdJNZc/view?usp=sharing"
    },
    {
      "title": "คู่มือการใช้งาน TPMAP Storytelling/Analytics/Pivot",
      "date_modified": "17 สิงหาคม 2563",
      "link": "https://drive.google.com/file/d/1dfeakJPaUlBuJ0bl75X8Wlfc9jYQgesx/view?usp=sharing"
    },
    {
      "title": "Logbook Update ติดตามข้อมูลคนเปราะบาง",
      "date_modified": "17 สิงหาคม 2563",
      "link": "https://drive.google.com/file/d/1Tpt4evT4jzpNZ0vwIBkkTuOjSgtyYetn/view?usp=sharing"
    },
    {
      "title": "คู่มือใช้งานเครื่องมือ pivot",
      "date_modified": "17 สิงหาคม 2563",
      "link": "https://drive.google.com/file/d/1S2x6xH8Wzl60o-CMtSIUbQaJqZP3jFfa/view?usp=sharing"
    }
  ]
}
